<?xml version="1.0" encoding="utf-8"?>
<odoo>
    <data noupdate="1">
        <record id="ir_cron_revisar_saldo" model="ir.cron">
            <field name="name">Revisar saldo</field>
            <field name="user_id" ref="base.user_root"/>
            <field name="interval_number">1</field>
            <field name="interval_type">days</field>
            <field name="numbercall">-1</field>
            <field name="model_id" ref="base.model_res_company"/>
            <field eval="False" name="doall"/>
            <field name="state">code</field>
            <field name="code">model.get_saldo_by_cron()</field>
        </record>
        
        <record id="ir_cron_contract_warning_mail" model="ir.cron">
            <field name="name">Contract Warning Mail</field>
            <field name="user_id" ref="base.user_root"/>
            <field name="interval_number">1</field>
            <field name="interval_type">weeks</field>
            <field name="numbercall">-1</field>
            <field name="model_id" ref="base.model_res_company"/>
            <field eval="False" name="doall"/>
            <field name="state">code</field>
            <field name="code">model.contract_warning_mail_cron()</field>
        </record>
   </data>
</odoo>
