<?xml version="1.0" encoding="utf-8"?>
<odoo>
    <data noupdate="1">
        <!-- Sequence -->
        <record id="sequence_tablas_cfdi_reference" model="ir.sequence">
            <field name="name">Tablas CFDI Reference</field>
            <field name="code">tablas.cfdi.reference</field>
            <field name="prefix">TABLA/</field>
            <field name="padding">3</field>
        </record>

        <!-- Sequences for incapacidades.nomina -->
        <record id="seq_horas_nomina" model="ir.sequence">
            <field name="name">Horas Extras nomina</field>
            <field name="code">horas.nomina</field>
            <field name="padding">4</field>
            <field name="company_id" eval="False"/>
        </record>
    </data>
</odoo>