id,name,model_id:id,group_id:id,perm_read,perm_write,perm_create,perm_unlink
access_tablas_cfdi,tablas_cfdi,nomina_cfdi_ee.model_tablas_cfdi,hr_payroll.group_hr_payroll_user,1,1,1,1
access_tablas_cfdi2,tablas_cfdi2,nomina_cfdi_ee.model_tablas_general_line,hr_payroll.group_hr_payroll_user,1,1,1,1
access_tablas_cfdi3,tablas_cfdi3,nomina_cfdi_ee.model_tablas_subsidio_line,hr_payroll.group_hr_payroll_user,1,1,1,1
access_tablas_cfdi4,tablas_cfdi4,nomina_cfdi_ee.model_tablas_subsidio2_line,hr_payroll.group_hr_payroll_user,1,1,1,1
access_tablas_cfdi5,tablas_cfdi5,nomina_cfdi_ee.model_tablas_subsidioacreditable_line,hr_payroll.group_hr_payroll_user,1,1,1,1
access_tablas_cfdi6,tablas_cfdi6,nomina_cfdi_ee.model_tablas_antiguedades_line,hr_payroll.group_hr_payroll_user,1,1,1,1
access_tablas_cfdi7,otras_entradas,nomina_cfdi_ee.model_otras_entradas,hr_payroll.group_hr_payroll_user,1,1,1,1
access_tablas_cfdi8,access_hr_payslip_mail,nomina_cfdi_ee.model_hr_payslip_mail,hr_payroll.group_hr_payroll_user,1,1,1,1
access_tablas_cfdi9,tablas_cfdi9,nomina_cfdi_ee.model_tablas_periodo_bimestral,hr_payroll.group_hr_payroll_user,1,1,1,1
access_tablas_cfdi10,tablas_cfdi10,nomina_cfdi_ee.model_tablas_periodo_mensual,hr_payroll.group_hr_payroll_user,1,1,1,1
access_tablas_cfdi12,tablas_cfdi12,nomina_cfdi_ee.model_tablas_isr_anual,hr_payroll.group_hr_payroll_user,1,1,1,1
access_tablas_cfdi13,tablas_cfdi13,nomina_cfdi_ee.model_tablas_vacaciones_line,hr_payroll.group_hr_payroll_user,1,1,1,1
access_tablas_cfdi15,tablas_cfdi15,nomina_cfdi_ee.model_tablas_periodo_semanal,hr_payroll.group_hr_payroll_user,1,1,1,1
access_tablas_cfdi16,tablas_cfdi16,nomina_cfdi_ee.model_tablas_isr_quincenal,hr_payroll.group_hr_payroll_user,1,1,1,1

